"Suite","Ambito","Caso","Resultado","Duracion"
"QA previa","Suite funcional previa","backend.Tests.AuthServiceTests.LoginAsync_ConContrasenaIncorrecta_DevuelveNull","PASS","00:00:00.7689462"
"QA previa","Suite funcional previa","backend.Tests.AuthServiceTests.LoginAsync_ConCorreoEnMinusculasYRegistroEnMayusculas_Autentica","PASS","00:00:00.2436894"
"QA previa","Suite funcional previa","backend.Tests.AuthServiceTests.LoginAsync_ConCorreoInexistente_DevuelveNull","PASS","00:00:00.0011673"
"QA previa","Suite funcional previa","backend.Tests.AuthServiceTests.LoginAsync_ConCredencialesCorrectas_DevuelveToken","PASS","00:00:00.2100627"
"QA previa","Suite funcional previa","backend.Tests.AuthServiceTests.RegisterAsync_AsignaContrasenaHasheadaNoPlana","PASS","00:00:00.1371606"
"QA previa","Suite funcional previa","backend.Tests.AuthServiceTests.RegisterAsync_ConCorreoDuplicado_NoCreaHogarNiUsuario","PASS","00:00:00.0168417"
"QA previa","Suite funcional previa","backend.Tests.AuthServiceTests.RegisterAsync_ConCorreoDuplicado_SinDiferenciarMayusculas_DevuelveNull","PASS","00:00:00.0019566"
"QA previa","Suite funcional previa","backend.Tests.AuthServiceTests.RegisterAsync_ConNuevoCorreo_RegistraHogarYUsuarioAdmin","PASS","00:00:00.1559024"
"QA previa","Suite funcional previa","backend.Tests.AuthServiceTests.RegisterAsync_DevuelveTokenJwtValidoConClaims","PASS","00:00:00.1298606"
"QA previa","Suite funcional previa","backend.Tests.CategoriasControllerTests.Create_AsignaHogarDelUsuarioYPersiste","PASS","00:00:00.0031237"
"QA previa","Suite funcional previa","backend.Tests.CategoriasControllerTests.Create_IgnoraIdCategoriaProporcionado","PASS","00:00:00.0037957"
"QA previa","Suite funcional previa","backend.Tests.CategoriasControllerTests.Delete_DeMismoHogar_EliminaYDevuelveNoContent","PASS","00:00:00.0165356"
"QA previa","Suite funcional previa","backend.Tests.CategoriasControllerTests.Delete_DeOtroHogar_NoEliminaYDevuelveNotFound","PASS","00:00:00.0022704"
"QA previa","Suite funcional previa","backend.Tests.CategoriasControllerTests.Delete_Inexistente_DevuelveNotFound","PASS","00:00:00.0013189"
"QA previa","Suite funcional previa","backend.Tests.CategoriasControllerTests.GetCategoria_DeMismoHogar_DevuelveCategoria","PASS","00:00:00.0057298"
"QA previa","Suite funcional previa","backend.Tests.CategoriasControllerTests.GetCategoria_DeOtroHogar_DevuelveNotFound","PASS","00:00:00.0024728"
"QA previa","Suite funcional previa","backend.Tests.CategoriasControllerTests.GetCategoria_Inexistente_DevuelveNotFound","PASS","00:00:00.0022968"
"QA previa","Suite funcional previa","backend.Tests.CategoriasControllerTests.GetCategorias_SoloDevuelveCategoriasDelHogarOrdenadasPorNombre","PASS","00:00:00.0309341"
"QA previa","Suite funcional previa","backend.Tests.CategoriasControllerTests.Update_DeMismoHogar_ActualizaCamposYDevuelveNoContent","PASS","00:00:00.0046726"
"QA previa","Suite funcional previa","backend.Tests.CategoriasControllerTests.Update_DeOtroHogar_NoModificaYDevuelveNotFound","PASS","00:00:00.0118307"
"QA previa","Suite funcional previa","backend.Tests.CategoriasControllerTests.Update_Inexistente_DevuelveNotFound","PASS","00:00:00.0014400"
"QA previa","Suite funcional previa","backend.Tests.FiltrosPaginacionTests.GetMovimientos_CienRegistros_SinPaginacionDevuelveTodos","PASS","00:00:00.0049024"
"QA previa","Suite funcional previa","backend.Tests.FiltrosPaginacionTests.GetMovimientos_FiltroCategoriaInexistente_DevuelveVacio","PASS","00:00:00.0018858"
"QA previa","Suite funcional previa","backend.Tests.FiltrosPaginacionTests.GetMovimientos_FiltroCombinadoCategoriaYTipo_DevuelveSoloLaInterseccion","PASS","00:00:00.0094277"
"QA previa","Suite funcional previa","backend.Tests.FiltrosPaginacionTests.GetMovimientos_FiltroTipoConEspacios_SeIgnoraYDevuelveTodos","PASS","00:00:00.0020282"
"QA previa","Suite funcional previa","backend.Tests.FiltrosPaginacionTests.GetPresupuestos_CincuentaRegistros_SinPaginacionDevuelveTodos","PASS","00:00:00.0064515"
"QA previa","Suite funcional previa","backend.Tests.FiltrosPaginacionTests.GetPresupuestos_FiltroAnioYMes_DevuelveSoloElMesSolicitado","PASS","00:00:00.0064360"
"QA previa","Suite funcional previa","backend.Tests.FiltrosPaginacionTests.GetPresupuestos_FiltroSinCoincidencias_DevuelveVacio","PASS","00:00:00.0015259"
"QA previa","Suite funcional previa","backend.Tests.FiltrosPaginacionTests.GetPresupuestos_FiltroSoloAnio_SinMesSeIgnoraYDevuelveTodos","PASS","00:00:00.0022743"
"QA previa","Suite funcional previa","backend.Tests.FiltrosPaginacionTests.GetPresupuestos_FiltroSoloMes_SinAnioSeIgnoraYDevuelveTodos","PASS","00:00:00.0246388"
"QA previa","Suite funcional previa","backend.Tests.MovimientosControllerTests.Create_ConCategoriaDelHogar_AsignaHogarYUsuarioYPersiste","PASS","00:00:00.0181279"
"QA previa","Suite funcional previa","backend.Tests.MovimientosControllerTests.Create_ConCategoriaDeOtroHogar_DevuelveBadRequestYNoPersiste","PASS","00:00:00.0018637"
"QA previa","Suite funcional previa","backend.Tests.MovimientosControllerTests.Create_ConCategoriaInexistente_DevuelveBadRequestYNoPersiste","PASS","00:00:00.0011758"
"QA previa","Suite funcional previa","backend.Tests.MovimientosControllerTests.Delete_DeMismoHogar_EliminaYDevuelveNoContent","PASS","00:00:00.0155883"
"QA previa","Suite funcional previa","backend.Tests.MovimientosControllerTests.Delete_DeOtroHogar_NoEliminaYDevuelveNotFound","PASS","00:00:00.1229756"
"QA previa","Suite funcional previa","backend.Tests.MovimientosControllerTests.Delete_Inexistente_DevuelveNotFound","PASS","00:00:00.0011171"
"QA previa","Suite funcional previa","backend.Tests.MovimientosControllerTests.GetMovimiento_DeMismoHogar_DevuelveMovimiento","PASS","00:00:00.0038847"
"QA previa","Suite funcional previa","backend.Tests.MovimientosControllerTests.GetMovimiento_DeOtroHogar_DevuelveNotFound","PASS","00:00:00.0013301"
"QA previa","Suite funcional previa","backend.Tests.MovimientosControllerTests.GetMovimiento_Inexistente_DevuelveNotFound","PASS","00:00:00.0012653"
"QA previa","Suite funcional previa","backend.Tests.MovimientosControllerTests.GetMovimientos_ConFiltroCategoriaId_SoloDevuelveDeEsaCategoria","PASS","00:00:00.0160970"
"QA previa","Suite funcional previa","backend.Tests.MovimientosControllerTests.GetMovimientos_ConFiltroTipo_SoloDevuelveDeEseTipo","PASS","00:00:00.0016752"
"QA previa","Suite funcional previa","backend.Tests.MovimientosControllerTests.GetMovimientos_ConFiltroTipoEnMinusculas_DevuelveVacio","PASS","00:00:00.0245956"
"QA previa","Suite funcional previa","backend.Tests.MovimientosControllerTests.GetMovimientos_SinFiltros_DevuelveDelHogarOrdenadosPorFechaDescendente","PASS","00:00:00.0079954"
"QA previa","Suite funcional previa","backend.Tests.MovimientosControllerTests.Update_CambioACategoriaDeOtroHogar_DevuelveBadRequestYNoCambia","PASS","00:00:00.0469436"
"QA previa","Suite funcional previa","backend.Tests.MovimientosControllerTests.Update_CambioACategoriaValidaDelHogar_ActualizaIdCategoria","PASS","00:00:00.0130261"
"QA previa","Suite funcional previa","backend.Tests.MovimientosControllerTests.Update_DeMismoHogar_ActualizaCamposYDevuelveNoContent","PASS","00:00:00.0055968"
"QA previa","Suite funcional previa","backend.Tests.MovimientosControllerTests.Update_DeOtroHogar_DevuelveNotFound","PASS","00:00:00.0020634"
"QA previa","Suite funcional previa","backend.Tests.MovimientosControllerTests.Update_Inexistente_DevuelveNotFound","PASS","00:00:00.0014762"
"QA previa","Suite funcional previa","backend.Tests.PerformanceTests.Create_MilMovimientosSecuenciales_TardaMenosDeDiezSegundos","PASS","00:00:02.8671274"
"QA previa","Suite funcional previa","backend.Tests.PerformanceTests.GetMovimientos_ConDosMilRegistros_RespondeEnMenosDeCincoSegundos","PASS","00:00:00.0246427"
"QA previa","Suite funcional previa","backend.Tests.PerformanceTests.GetMovimientos_ConFiltroYDiezMilRegistros_RespondeEnMenosDeCincoSegundos","PASS","00:00:00.9431658"
"QA previa","Suite funcional previa","backend.Tests.PerformanceTests.GetPresupuestos_ConDosMilRegistros_RespondeEnMenosDeCincoSegundos","PASS","00:00:00.0191815"
"Seguridad","CSRF / Autorizacion / IDOR","backend.Tests.SeguridadAutorizacionTests.Autorizacion_ElHogarYElUsuarioDeUnMovimientoSeTomanDelTokenYNoDelCuerpo","PASS","00:00:00.0025174"
"Seguridad","CSRF / Autorizacion / IDOR","backend.Tests.SeguridadAutorizacionTests.Autorizacion_LasOperacionesCriticasDeUsuariosTipsYHogaresExigenRolAdmin","PASS","00:00:00.0037815"
"Seguridad","CSRF / Autorizacion / IDOR","backend.Tests.SeguridadAutorizacionTests.Autorizacion_LosEndpointsPublicosSonSoloLosDelLoginYRegistroYLosTipsDeLectura","PASS","00:00:00.0030793"
"Seguridad","CSRF / Autorizacion / IDOR","backend.Tests.SeguridadAutorizacionTests.Autorizacion_NingunEndpointQuedaAnonimoPorHerenciaOErrorDeOmision","PASS","00:00:00.0165050"
"Seguridad","CSRF / Autorizacion / IDOR","backend.Tests.SeguridadAutorizacionTests.Autorizacion_TodoControllerSinAuthorizeDeClaseExponeSoloEndpointsDeclaradosDeFormaExplicita","PASS","00:00:00.0051592"
"Seguridad","CSRF / Autorizacion / IDOR","backend.Tests.SeguridadAutorizacionTests.Autorizacion_UnaCategoriaNoPuedeCrearseEnElHogarDeOtroUsuarioAunqueVengaEnElCuerpo","PASS","00:00:00.0017896"
"Seguridad","CSRF / Autorizacion / IDOR","backend.Tests.SeguridadAutorizacionTests.Autorizacion_UnMiembroNoCumpleElAtributoAdminParaCrearUsuarios","PASS","00:00:00.0035814"
"Seguridad","CSRF / Autorizacion / IDOR","backend.Tests.SeguridadAutorizacionTests.Vuln_SEC06_AddMemberAceptaElRolIndicadoSinValidarContraLaListaAdminMiembro","PASS","00:00:00.1371043"
"Seguridad","CSRF / Autorizacion / IDOR","backend.Tests.SeguridadAutorizacionTests.Vuln_SEC06_UpdateUsuarioPersisteUnRolFueraDeLaListaAdminMiembro","PASS","00:00:00.1517469"
"Seguridad","Headers / Secretos / Pipeline","backend.Tests.SeguridadConfiguracionTests.Configuracion_CorsSoloPermiteElOrigenDelFrontendSinWildcardNiCredenciales","PASS","00:00:00.0006053"
"Seguridad","Headers / Secretos / Pipeline","backend.Tests.SeguridadConfiguracionTests.Configuracion_ElAccesoADatosUsaEFCoreConConsultasParametrizadas","PASS","00:00:00.0068530"
"Seguridad","Headers / Secretos / Pipeline","backend.Tests.SeguridadConfiguracionTests.Configuracion_LaApiUsaBearerYNoCookiesPorLoQueElCsrfNoEsExplotable","PASS","00:00:00.0011669"
"Seguridad","Headers / Secretos / Pipeline","backend.Tests.SeguridadConfiguracionTests.Configuracion_LaValidacionDelJwtExigeIssuerAudienceVigenciaYClaveDeFirma","PASS","00:00:00.0011835"
"Seguridad","Headers / Secretos / Pipeline","backend.Tests.SeguridadConfiguracionTests.Configuracion_LaValidacionOcurreAntesDeAutorizarYAntesDeMapearLosControllers","PASS","00:00:00.0006733"
"Seguridad","Headers / Secretos / Pipeline","backend.Tests.SeguridadConfiguracionTests.Vuln_SEC01_LaClaveFirmanteDelJwtEstaEnTextoPlanoEnElAppsettingsVersionado","PASS","00:00:00.0009001"
"Seguridad","Headers / Secretos / Pipeline","backend.Tests.SeguridadConfiguracionTests.Vuln_SEC02_LaContrasenaDePostgresEstaEnTextoPlanoEnElComposeYSeReutilizaEnLaApi","PASS","00:00:00.0006988"
"Seguridad","Headers / Secretos / Pipeline","backend.Tests.SeguridadConfiguracionTests.Vuln_SEC03_NoHayNingunaCabeceraDeSeguridadConfiguradaEnElBackend","PASS","00:00:00.0006726"
"Seguridad","Headers / Secretos / Pipeline","backend.Tests.SeguridadConfiguracionTests.Vuln_SEC04_NoHayLimiteDePeticionesNiBloqueoDeCuentaEnElLogin","PASS","00:00:00.0015151"
"Seguridad","Headers / Secretos / Pipeline","backend.Tests.SeguridadConfiguracionTests.Vuln_SEC08_ElComposeArrancaLaApiEnDevelopmentExpuestoASwaggerYAlDetalleDeErrores","PASS","00:00:00.0020657"
"Seguridad","Headers / Secretos / Pipeline","backend.Tests.SeguridadConfiguracionTests.Vuln_SEC09_ElContenedorSirveLaApiPorHttpSinTlsYLaBaseDeDatosQuedaExpuestaAlHost","PASS","00:00:00.0015403"
"Seguridad","Headers / Secretos / Pipeline","backend.Tests.SeguridadConfiguracionTests.Vuln_SEC10_ElPipelineDeNoEscaneaSecretosYLaApiAceptaTodosLosHostHeader","PASS","00:00:00.0022698"
"Seguridad","Headers / Secretos / Pipeline","backend.Tests.SeguridadConfiguracionTests.Vuln_SEC10_LaValidacionDeModeloImplicitaEstaDesactivadaEnLosControllers","PASS","00:00:00.0006400"
"Seguridad","Contrasenas","backend.Tests.SeguridadContrasenasTests.ContrasenaHash_DosUsuariosConLaMismaClaveTienenHashesDistintosPorLaSal","PASS","00:00:00.6441044"
"Seguridad","Contrasenas","backend.Tests.SeguridadContrasenasTests.ContrasenaHash_LaVerificacionRechazaLaClaveIncorrecta","PASS","00:00:00.2745412"
"Seguridad","Contrasenas","backend.Tests.SeguridadContrasenasTests.ContrasenaHash_NuncaSeSerializaEnLasRespuestasJsonDeLaApi","PASS","00:00:00.1134340"
"Seguridad","Contrasenas","backend.Tests.SeguridadContrasenasTests.ContrasenaHash_UsaPbkdf2ConSalYNoContieneLaClaveEnClaro","PASS","00:00:00.0881879"
"Seguridad","Contrasenas","backend.Tests.SeguridadContrasenasTests.LoginResponse_NoExponeLaContrasenaNiElHashEnNingunCampo","PASS","00:00:00.2611412"
"Seguridad","Tokens JWT","backend.Tests.SeguridadJwtTests.Jwt_AlterarElRolYRefirmarConOtraClaveLanzaSecurityTokenException","PASS","00:00:00.2795498"
"Seguridad","Tokens JWT","backend.Tests.SeguridadJwtTests.Jwt_ConAudienceDistintaEsRechazado","PASS","00:00:00.0008491"
"Seguridad","Tokens JWT","backend.Tests.SeguridadJwtTests.Jwt_ConIssuerDistintoEsRechazado","PASS","00:00:00.0082418"
"Seguridad","Tokens JWT","backend.Tests.SeguridadJwtTests.Jwt_ElRolDelTokenEsElQueAutorizaLasOperacionesRestringidas","PASS","00:00:00.2703947"
"Seguridad","Tokens JWT","backend.Tests.SeguridadJwtTests.Jwt_EmitidoPorLogin_PasaLaValidacionConIssuerAudienceVigenciaYFirmaCorrectas","PASS","00:00:00.2453073"
"Seguridad","Tokens JWT","backend.Tests.SeguridadJwtTests.Jwt_FirmadoConUnaClaveDistintaEsRechazadoComoTokenFalsificado","PASS","00:00:00.0872897"
"Seguridad","Tokens JWT","backend.Tests.SeguridadJwtTests.Jwt_LaVigenciaEsDeOchoHorasYNoMas","PASS","00:00:00.7453037"
"Seguridad","Tokens JWT","backend.Tests.SeguridadJwtTests.Jwt_NoIncluyeClaimJtiPorLoQueNoSePuedeRevocarUnTokenIndividualmente","PASS","00:00:00.2310760"
"Seguridad","Tokens JWT","backend.Tests.SeguridadJwtTests.Jwt_VencidoEsRechazado","PASS","00:00:00.0030864"
"Seguridad","Tokens JWT","backend.Tests.SeguridadJwtTests.Vuln_SEC07_UnTokenVencidoHaceMenosDeCincoMinutosTodaviaSeAceptaPorElClockSkewPorDefecto","PASS","00:00:00.0006688"
"Seguridad","XSS","backend.Tests.SeguridadXssTests.Vuln_SEC05_ElContenidoDeLosTipsNoTieneLimiteDeLongitudNiValidacionDeContenido","PASS","00:00:00.0004851"
"Seguridad","XSS","backend.Tests.SeguridadXssTests.Xss_ElSerializadorJsonDeLaApiEscapaLosCaracteresHtmlDeLosCamposDeTexto","PASS","00:00:00.0236422"
"Seguridad","XSS","backend.Tests.SeguridadXssTests.Xss_LaDescripcionYElOrigenDeUnMovimientoSeGuardanYSeDevuelvenSinTransformar","PASS","00:00:00.0032337"
"Seguridad","XSS","backend.Tests.SeguridadXssTests.Xss_LosCamposDeTextoConLengthLimitanLoQueSePuedePersistirEnElPayload","PASS","00:00:00.0040091"
"Seguridad","XSS","backend.Tests.SeguridadXssTests.Xss_LosTipsSeDevuelvenComoDatosJsonYElBackendNoGeneraHtml","PASS","00:00:00.0226576"
