"Paso","ID","Descripcion","Esperado","Obtenido","Resultado","Observaciones"
"1. Despliegue","CP-D01","API levantada y respondiendo en :8080","200","200","PASO",""
"1. Despliegue","CP-D02","Contenido de Educacion Financiera listo al arrancar",">=1 tip sembrado","0 tip(s)","FALLO","BLOQUEANTE del paso 10: la migracion InitialCreate no inserta ninguna fila y GET es publico, asi que en una base limpia la seccion sale vacia sin un alta manual previa."
"2. Registro","CP-D03","Registro devuelve 200 con Token, IdHogar y Rol","200 LoginResponse","200","PASO","Rol=Admin IdHogar=3 IdUsuario=5"
"2. Registro","CP-D04","El hogar quedo creado sin llamada adicional","IdHogar=3 con tildes intactos","200","PASO","{""idHogar"":3,""nombreFamiliar"":""Familia López Demo"",""fechaCreacion"":""2026-09-27T18:36:40.5312520Z""}"
"2. Registro","CP-D05","El hogar nace con un unico usuario Admin","1 miembro con Rol=Admin","1 miembro(s), Rol=Admin","PASO",""
"2. Registro","CP-D06","El hash de la contrasena no se expone en la respuesta","sin ContrasenaHash","ausente","PASO",""
"2b. Login","CP-D07","Login con las credenciales recien creadas","200 con Token","200","PASO",""
"2b. Login","CP-D08","El JWT incluye el claim corto ""role"" que promete el guion","role=Admin","http://schemas.microsoft.com/ws/2008/06/identity/claims/role=Admin","FALLO","CONFIRMA BUG-01 (HU-01). Decodificar el token con jwt-decode devuelve payload.role = undefined, asi que cualquier UI que lea el rol del token (ocultar opciones de Admin, etc.) no funciona. Requiere coordinar el nombre del claim con el frontend."
"2b. Login","CP-D09","El token vence a las 8 horas de emitirse","exp - iat = 28800 s (exactamente 8 h)","28800 s restantes","PASO",""
"2b. Login","CP-D10","El JWT incluye ""iat"" (fecha de emision)","iat presente","ausente","FALLO","CONFIRMA BUG-01 (HU-01). Sin iat el frontend no puede calcular cuando expira la sesion salvo restando 8 h a exp, y la auditoria de trazas no puede correlacionar."
"3. Miembro","CP-D11","Alta de miembro con rol Miembro (Admin)","201 Created","201","PASO","idUsuario=6 con tildes intactas"
"3. Miembro","CP-D12","El miembro puede iniciar sesion","200 con Token","200","PASO",""
"3. Miembro","CP-D13","El miembro pertenece al mismo hogar que el Admin","IdHogar=3","200","PASO",""
"4. Remesa","CP-D14","Categoria de remesa creada","201 Created","201","PASO","idCategoria=5"
"4. Remesa","CP-D15","Remesa de $400 registrada","201 Created","201","PASO","idMovimiento=7"
"4. Remesa","CP-D16","La entidad emisora se guarda y se devuelve intacta (UTF-8)","origenEmisora='Tío Carlos - Los Ángeles'","'Tío Carlos - Los Ángeles'","PASO",""
"4. Remesa","CP-D17","Una remesa no se puede registrar con Tipo=Gasto por error de captura","rechazo (400) o marca de remesa","ACEPTADA: 204 y ahora Tipo=Gasto","PASO","Tipo es texto libre de 20 chars sin lista blanca (mismo patron que BUG-03): la API acepta una remesa de $400 clasificada como Gasto. En la demo el taller de educacion financiera no puede marcar el remesador como tipo ""Ingreso"", y nada impide que un ingreso quede como Gasto y rompa el tablero."
"5. Gasto","CP-D18","Categoria de alimentacion creada","201 Created","201","PASO","idCategoria=6"
"5. Gasto","CP-D19","Gasto de alimentacion de $120","201 Created","201","PASO","idMovimiento=8"
"6. Tablero","CP-D20","Ingresos, gastos y saldo son derivables de los movimientos","ingresos=400 gastos=120 saldo=280","ingresos=400.00 gastos=120.00 saldo=280.00","PASO",""
"6. Tablero","CP-D21","Los montos llegan con 2 decimales exactos (sin error de redondeo)","400.00 y 120.00 exactos","400.00 / 120.00","PASO","Sustenta la promesa del guion (seccion 5.2) de decimal(10,2) y nunca punto flotante."
"6. Tablero","CP-D22","La API distingue la remesa de un ingreso comun","campo o filtro de remesas en la respuesta","solo origenEmisora en 1 movimiento(s), sin flag ni filtro propio","FALLO","La tarjeta violeta de remesas y la vista exclusiva de remesas que promete el guion dependen de que el frontend infiera ""es remesa"" de que origenEmisora no venga vacio. No hay campo esRemesa ni filtro ?remesas=true: es una convencion, no un contrato."
"7. Presupuesto","CP-D23","Presupuesto de $300 en alimentacion para el mes actual","201 Created","201","PASO","idPresupuesto=3 mesAnio=2026-09-01"
"7. Presupuesto","CP-D24","La barra de progreso llega a 40% consumido","40% ($120 de $300)","40%","PASO",""
"7. Presupuesto","CP-D25","La API entrega el consumo del presupuesto (montoGastado / porcentaje)","campo de consumo o porcentaje en la respuesta","solo: idPresupuesto,idHogar,idCategoria,montoLimite,mesAnio","FALLO","La entidad Presupuesto solo tiene montoLimite y mesAnio. El 40%, el color de la barra y el cambio a rojo los tiene que calcular el frontend cruzando /api/Movimientos. Si el frontend no lo hace, el paso 7 no tiene barra que mostrar."
"7. Presupuesto","CP-D26","Filtro de presupuestos por anio y mes contra PostgreSQL real","200 con 1 presupuesto (2026-9)","200","PASO","1 presupuesto para 2026-9"
"8. Alerta","CP-D27","Segundo gasto de $200 en alimentacion","201 Created","201","PASO",""
"8. Alerta","CP-D28","El consumo acumulado supera el limite del presupuesto","gasto=320 > limite=300 -> 106.67%","gasto=320.00 -> 106.67%","PASO","MOMENTO CLAVE DE LA DEMO (el guion pide hacer pausa aqui). El exceso se detecta bien en los datos."
"8. Alerta","CP-D29","La API entrega la alerta de presupuesto excedido","campo o endpoint de alerta de exceso","ninguno: la respuesta es el presupuesto tal cual","FALLO","El paso 8 del guion dice ""aparece la alerta"" y lo presenta como el momento fuerte. Hoy no existe ningun soporte en la API: no hay campo, endpoint, ni codigo HTTP que indique el exceso. Todo depende de que el frontend lo detecte; si no lo hace, el paso mas importante de la demo se cae en silencio."
"9. Meta","CP-D30","Meta de ahorro de $2,000 a 6 meses","201 Created","201","PASO","idMeta=3 fechaLimite=2027-03-27"
"9. Meta","CP-D31","La meta nace en 0 y en estado ""En progreso""","montoActual=0, Estado=""En progreso""","montoActual=0, Estado='En progreso'","PASO",""
"9. Meta","CP-D32","Aporte de $300 a la meta","201 Created","201","PASO","{""idAporte"":5,""idMeta"":3,""monto"":300,""fecha"":""2026-09-27T00:00:00.0000000Z""}"
"9. Meta","CP-D33","El aporte actualiza solo el montoActual de la meta","montoActual=300, Estado=""En progreso""","montoActual=300.00, Estado='En progreso'","PASO","Cumple la promesa del guion (seccion 3, Paso 3)."
"9. Meta","CP-D34","La meta cambia de estado sola al alcanzar el objetivo","montoActual=2000, Estado=""Completada""","montoActual=2000.00, Estado='Completada'","PASO",""
"9. Meta","CP-D35","La API entrega ""lo que falta"" y el ritmo mensual sugerido","campos de faltante y de aporte mensual","solo: idMeta,idHogar,titulo,montoObjetivo,montoActual,fechaLimite,estado (faltante=0.00 calculado a mano)","FALLO","El guion promete que la app calcula el progreso, lo que falta y el ritmo mensual. La entidad no tiene ninguno de esos campos: el frontend tiene que derivarlos de montoObjetivo, montoActual y fechaLimite. En la demo, meta al 100% el faltante es 0 y el ritmo tendria queverse en 0."
"10. Tips","CP-D36","La seccion de Educacion Financiera muestra tarjetas de tips","200 con contenido","0 tip(s)","FALLO","BLOQUEANTE del paso 10: con la base limpia el listado sale vacio porque la migracion no siembra ningun tip."
"10. Tips","CP-D37","La API entrega el tip relacionado con la actividad de la familia","tip recomendado por contexto","0 tip(s) y ningun endpoint de tip recomendado","FALLO","GET /api/TipsFinancieros devuelve la tabla GLOBAL completa ordenada por Titulo, sin filtrar por hogar ni por actividad: no hay endpoint de ""tip recomendado"". Ademas EducacionFinanciera exige IdCategoria (FK a Categoria, que es por hogar), un acoplamiento raro para contenido global."
"11. Cierre de sesion","CP-D38","El token queda invalidado tras el cierre de sesion","401 despues del logout","200","FALLO","El logout solo borra localStorage: el JWT sigue aceptandose en la API hasta que pasan sus 8 h. La DEMO_GUIDE (paso 10) afirma que ""el token se invalida"" y no es cierto. Es el hallazgo ya documentado como SEC-07 (sin jti, sin revocacion)."
"11. Cierre de sesion","CP-D39","La API responde con cabeceras de seguridad","X-Content-Type-Options, HSTS, CSP","faltan las 4 (X-Content-Type-Options, X-Frame-Options, Strict-Transport-Security, Content-Security-Policy)","FALLO","CONFIRMA SEC-03 en ejecucion real: la API responde sin ni una cabecera de seguridad."
"11. Cierre de sesion","CP-D40","Swagger no deberia estar expuesto en el entorno de la demo","404 o 403","200","FALLO","El compose arranca con ASPNETCORE_ENVIRONMENT=Development, asi que Swagger UI y el swagger.json quedan abiertos sin autenticacion en el puerto 8080. CONFIRMA SEC-08."
